1,2100550,0000000,break,Ready,break,break,break,March 30, 2023,16:05:44,queue,16:05:44,16:05:44,0,2100550
2,2100550,1234567,Processed,Processed,Visibility,Network LCL,LCL Upstream legs,March 30, 2023,16:08:06,queue,16:05:44,16:08:06,1,2100550
3,2100550,1234565,Unprocessed,Processed,Visibility,Network LCL,LCL Missing Actual Origin Dates,March 30, 2023,16:08:50,queue,16:08:06,16:08:50,1,2100550
4,2100550,1856621,Processed,Processed,Visibility,Network LCL,LCL Upstream legs,March 30, 2023,16:10:11PM,queue,16:08:50,16:10:24,1,2100550
5,2100550,1856683,Processed,No Container MBL,Visibility,Network LCL,LCL Upstream legs,March 30, 2023,16:10:11PM,queue,16:10:24,16:10:32,1,2100550
6,2100550,1862144,Untouched,Untouched,Visibility,Network LCL,LCL Upstream legs,March 30, 2023,16:10:11PM,queue,,,1,2100550
7,2100550,1868669,Untouched,Untouched,Visibility,Network LCL,LCL Upstream legs,March 30, 2023,16:10:11PM,queue,,,1,2100550
8,2100550,1868990,Untouched,Untouched,Visibility,Network LCL,LCL Upstream legs,March 30, 2023,16:10:11PM,queue,,,1,2100550
9,2100550,1872825,Untouched,Untouched,Visibility,Network LCL,LCL Upstream legs,March 30, 2023,16:10:11PM,queue,,,1,2100550
10,2100550,1873483,Untouched,Untouched,Visibility,Network LCL,LCL Upstream legs,March 30, 2023,16:10:11PM,queue,,,1,2100550
11,2100550,1873695,Untouched,Untouched,Visibility,Network LCL,LCL Upstream legs,March 30, 2023,16:10:11PM,queue,,,1,2100550
12,2100550,1873763,Untouched,Untouched,Visibility,Network LCL,LCL Upstream legs,March 30, 2023,16:10:11PM,queue,,,1,2100550
13,2100550,1875038,Untouched,Untouched,Visibility,Network LCL,LCL Upstream legs,March 30, 2023,16:10:11PM,queue,,,1,2100550
14,2100550,1875612,Untouched,Untouched,Visibility,Network LCL,LCL Upstream legs,March 30, 2023,16:10:11PM,queue,,,1,2100550
15,2100550,1877411,Untouched,Untouched,Visibility,Network LCL,LCL Upstream legs,March 30, 2023,16:10:11PM,queue,,,1,2100550
16,2100550,1877437,Untouched,Untouched,Visibility,Network LCL,LCL Upstream legs,March 30, 2023,16:10:11PM,queue,,,1,2100550
17,2100550,1882226,Untouched,Untouched,Visibility,Network LCL,LCL Upstream legs,March 30, 2023,16:10:11PM,queue,,,1,2100550
18,2100550,1883904,Untouched,Untouched,Visibility,Network LCL,LCL Upstream legs,March 30, 2023,16:10:11PM,queue,,,1,2100550
19,2100550,1884206,Untouched,Untouched,Visibility,Network LCL,LCL Upstream legs,March 30, 2023,16:10:11PM,queue,,,1,2100550
20,2100550,1888664,Untouched,Untouched,Visibility,Network LCL,LCL Upstream legs,March 30, 2023,16:10:11PM,queue,,,1,2100550
21,2100550,1892604,Untouched,Untouched,Visibility,Network LCL,LCL Upstream legs,March 30, 2023,16:10:11PM,queue,,,1,2100550
22,2100550,1893347,Untouched,Untouched,Visibility,Network LCL,LCL Upstream legs,March 30, 2023,16:10:11PM,queue,,,1,2100550
23,2100550,1893436,Untouched,Untouched,Visibility,Network LCL,LCL Upstream legs,March 30, 2023,16:10:11PM,queue,,,1,2100550
24,2100550,1893646,Untouched,Untouched,Visibility,Network LCL,LCL Upstream legs,March 30, 2023,16:10:11PM,queue,,,1,2100550
25,2100550,1893649,Untouched,Untouched,Visibility,Network LCL,LCL Upstream legs,March 30, 2023,16:10:11PM,queue,,,1,2100550
26,2100550,1893655,Untouched,Untouched,Visibility,Network LCL,LCL Upstream legs,March 30, 2023,16:10:11PM,queue,,,1,2100550
27,2100550,1894934,Untouched,Untouched,Visibility,Network LCL,LCL Upstream legs,March 30, 2023,16:10:11PM,queue,,,1,2100550
28,2100550,1895849,Untouched,Untouched,Visibility,Network LCL,LCL Upstream legs,March 30, 2023,16:10:11PM,queue,,,1,2100550
29,2100550,1896628,Untouched,Untouched,Visibility,Network LCL,LCL Upstream legs,March 30, 2023,16:10:11PM,queue,,,1,2100550
30,2100550,1896636,Untouched,Untouched,Visibility,Network LCL,LCL Upstream legs,March 30, 2023,16:10:11PM,queue,,,1,2100550
31,2100550,1897862,Untouched,Untouched,Visibility,Network LCL,LCL Upstream legs,March 30, 2023,16:10:11PM,queue,,,1,2100550
32,2100550,1898524,Untouched,Untouched,Visibility,Network LCL,LCL Upstream legs,March 30, 2023,16:10:11PM,queue,,,1,2100550
33,2100550,1898996,Untouched,Untouched,Visibility,Network LCL,LCL Upstream legs,March 30, 2023,16:10:11PM,queue,,,1,2100550
34,2100550,1899042,Untouched,Untouched,Visibility,Network LCL,LCL Upstream legs,March 30, 2023,16:10:11PM,queue,,,1,2100550
35,2100550,1899477,Untouched,Untouched,Visibility,Network LCL,LCL Upstream legs,March 30, 2023,16:10:11PM,queue,,,1,2100550
36,2100550,9999997,break,End Shift,break,break,break,March 30, 2023,16:10:42,queue,16:10:42,16:10:42,0,2100550
37,2100550,2012728,,,Visibility,Network LCL,LCL Upstream legs,March 30, 2023,16:29:26PM,pending,,,1,2100550
38,2100550,2037138,,,Visibility,Network LCL,LCL Upstream legs,March 30, 2023,16:29:26PM,pending,,,1,2100550
39,2100550,2038239,,,Visibility,Network LCL,LCL Upstream legs,March 30, 2023,16:29:26PM,pending,,,1,2100550
40,2100550,2026248,,,Visibility,Network LCL,LCL Upstream legs,March 30, 2023,16:29:26PM,pending,,,1,2100550
41,2100550,1965745,,,Visibility,Network LCL,LCL Upstream legs,March 30, 2023,16:29:26PM,pending,,,1,2100550
42,2100550,1979716,,,Visibility,Network LCL,LCL Upstream legs,March 30, 2023,16:29:26PM,pending,,,1,2100550
43,2100550,1978106,,,Visibility,Network LCL,LCL Upstream legs,March 30, 2023,16:29:26PM,pending,,,1,2100550
44,2100550,2019641,,,Visibility,Network LCL,LCL Upstream legs,March 30, 2023,16:29:26PM,pending,,,1,2100550
45,2100550,2025383,,,Visibility,Network LCL,LCL Upstream legs,March 30, 2023,16:29:26PM,pending,,,1,2100550
